run_date,target_date,horizon_days,point,ann_vol,lo_50,hi_50,lo_80,hi_80,lo_95,hi_95
2026-06-24,2026-06-25,1,277.75,36.62,274.08,281.47,270.4,285.3,265.25,290.84
2026-06-24,2026-06-26,2,277.75,36.63,272.57,283.03,267.4,288.5,260.24,296.44
2026-06-24,2026-06-29,3,277.75,36.65,271.42,284.23,265.13,290.97,256.45,300.82
2026-06-24,2026-06-30,4,277.75,36.66,270.45,285.25,263.23,293.07,253.3,304.56
2026-06-24,2026-07-01,5,277.75,36.67,269.6,286.15,261.56,294.94,250.56,307.9
2026-06-24,2026-07-02,6,277.75,36.69,268.83,286.96,260.06,296.64,248.1,310.95
2026-06-24,2026-07-03,7,277.75,36.7,268.13,287.72,258.69,298.21,245.86,313.78
2026-06-24,2026-07-06,8,277.75,36.71,267.47,288.42,257.42,299.68,243.79,316.44
2026-06-24,2026-07-07,9,277.75,36.72,266.86,289.08,256.24,301.07,241.87,318.96
2026-06-24,2026-07-08,10,277.75,36.73,266.28,289.71,255.12,302.39,240.06,321.36
2026-06-24,2026-07-09,11,277.75,36.75,265.73,290.31,254.06,303.65,238.35,323.67
2026-06-24,2026-07-10,12,277.75,36.76,265.21,290.88,253.05,304.86,236.73,325.88
2026-06-24,2026-07-13,13,277.75,36.77,264.71,291.43,252.08,306.03,235.18,328.03
2026-06-24,2026-07-14,14,277.75,36.78,264.23,291.97,251.16,307.16,233.7,330.1
2026-06-24,2026-07-15,15,277.75,36.79,263.76,292.48,250.27,308.25,232.28,332.12
2026-06-24,2026-07-16,16,277.75,36.8,263.31,292.98,249.41,309.31,230.92,334.08
2026-06-24,2026-07-17,17,277.75,36.81,262.88,293.46,248.58,310.34,229.6,336.0
2026-06-24,2026-07-20,18,277.75,36.82,262.46,293.93,247.78,311.35,228.33,337.86
2026-06-24,2026-07-21,19,277.75,36.83,262.05,294.39,247.0,312.33,227.1,339.69
2026-06-24,2026-07-22,20,277.75,36.84,261.65,294.84,246.25,313.29,225.91,341.49
2026-06-24,2026-07-23,21,277.75,36.85,261.26,295.28,245.51,314.22,224.75,343.24
2026-06-24,2026-07-24,22,277.75,36.86,260.88,295.71,244.79,315.14,223.63,344.97
2026-06-24,2026-07-27,23,277.75,36.87,260.51,296.13,244.09,316.05,222.54,346.66
2026-06-24,2026-07-28,24,277.75,36.88,260.15,296.54,243.41,316.93,221.47,348.33
2026-06-24,2026-07-29,25,277.75,36.89,259.8,296.94,242.75,317.8,220.43,349.97
2026-06-24,2026-07-30,26,277.75,36.89,259.45,297.34,242.1,318.66,219.42,351.59
2026-06-24,2026-07-31,27,277.75,36.9,259.11,297.73,241.46,319.5,218.43,353.18
2026-06-24,2026-08-03,28,277.75,36.91,258.78,298.11,240.83,320.32,217.46,354.76
2026-06-24,2026-08-04,29,277.75,36.92,258.45,298.49,240.22,321.14,216.51,356.31
2026-06-24,2026-08-05,30,277.75,36.93,258.13,298.86,239.62,321.94,215.58,357.84
2026-06-24,2026-08-06,31,277.75,36.94,257.82,299.22,239.03,322.74,214.68,359.35
2026-06-24,2026-08-07,32,277.75,36.94,257.51,299.58,238.46,323.52,213.79,360.85
2026-06-24,2026-08-10,33,277.75,36.95,257.21,299.94,237.89,324.29,212.91,362.33
2026-06-24,2026-08-11,34,277.75,36.96,256.91,300.29,237.33,325.06,212.06,363.79
2026-06-24,2026-08-12,35,277.75,36.97,256.61,300.63,236.78,325.81,211.22,365.24
2026-06-24,2026-08-13,36,277.75,36.97,256.32,300.97,236.24,326.55,210.39,366.68
2026-06-24,2026-08-14,37,277.75,36.98,256.03,301.31,235.71,327.29,209.58,368.1
2026-06-24,2026-08-17,38,277.75,36.99,255.75,301.64,235.18,328.02,208.78,369.5
2026-06-24,2026-08-18,39,277.75,37.0,255.47,301.97,234.67,328.74,207.99,370.9
2026-06-24,2026-08-19,40,277.75,37.0,255.2,302.29,234.16,329.45,207.22,372.28
2026-06-24,2026-08-20,41,277.75,37.01,254.93,302.61,233.66,330.16,206.46,373.65
2026-06-24,2026-08-21,42,277.75,37.02,254.66,302.93,233.17,330.86,205.71,375.01
2026-06-24,2026-08-24,43,277.75,37.02,254.4,303.25,232.68,331.55,204.98,376.36
2026-06-24,2026-08-25,44,277.75,37.03,254.14,303.56,232.2,332.24,204.25,377.7
2026-06-24,2026-08-26,45,277.75,37.03,253.88,303.87,231.72,332.92,203.54,379.02
2026-06-24,2026-08-27,46,277.75,37.04,253.62,304.17,231.26,333.59,202.83,380.34
2026-06-24,2026-08-28,47,277.75,37.05,253.37,304.47,230.79,334.26,202.14,381.65
2026-06-24,2026-08-31,48,277.75,37.05,253.12,304.77,230.34,334.92,201.45,382.95
2026-06-24,2026-09-01,49,277.75,37.06,252.88,305.07,229.89,335.58,200.78,384.24
2026-06-24,2026-09-02,50,277.75,37.06,252.63,305.36,229.44,336.23,200.11,385.52
2026-06-24,2026-09-03,51,277.75,37.07,252.39,305.65,229.0,336.88,199.45,386.79
2026-06-24,2026-09-04,52,277.75,37.07,252.16,305.94,228.57,337.52,198.8,388.06
2026-06-24,2026-09-07,53,277.75,37.08,251.92,306.23,228.13,338.16,198.16,389.31
2026-06-24,2026-09-08,54,277.75,37.09,251.69,306.51,227.71,338.79,197.52,390.56
2026-06-24,2026-09-09,55,277.75,37.09,251.46,306.79,227.29,339.42,196.9,391.81
2026-06-24,2026-09-10,56,277.75,37.1,251.23,307.07,226.87,340.04,196.28,393.04
2026-06-24,2026-09-11,57,277.75,37.1,251.0,307.35,226.46,340.66,195.67,394.27
2026-06-24,2026-09-14,58,277.75,37.11,250.78,307.62,226.05,341.27,195.06,395.49
2026-06-24,2026-09-15,59,277.75,37.11,250.55,307.9,225.65,341.88,194.46,396.71
2026-06-24,2026-09-16,60,277.75,37.12,250.33,308.17,225.25,342.49,193.87,397.91
2026-06-24,2026-09-17,61,277.75,37.12,250.12,308.44,224.85,343.09,193.29,399.12
2026-06-24,2026-09-18,62,277.75,37.12,249.9,308.7,224.46,343.69,192.71,400.31
2026-06-24,2026-09-21,63,277.75,37.13,249.68,308.97,224.07,344.29,192.14,401.5
