config,origin_id,origin_date,omega,alpha,beta,alpha_plus_beta,nu,mu,convergence_flag,convergence_warning,nu_boundary,near_nonstationary,cov_50,cov_80,cov_90,cov_95,cov_99,pi95_width_h63
expanding,1,2000-02-29,0.3454671026196626,0.08276681553778974,0.8854645868692194,0.9682314024070091,4.148124674612847,0.0012464356301494098,0,False,False,False,0.8412698412698413,1.0,1.0,1.0,1.0,96.77994892028342
expanding,2,2000-08-07,0.48558718564851117,0.10379359545368486,0.8540113429189593,0.9578049383726441,4.030214100748202,-0.01663610015697906,0,False,False,False,0.6666666666666666,1.0,1.0,1.0,1.0,103.22256712914941
expanding,3,2001-01-16,0.5624969400736929,0.10857063554498331,0.8376835062827384,0.9462541418277217,4.099368439872045,-0.031454523925331435,0,False,False,False,0.8571428571428571,0.9206349206349206,0.9523809523809523,0.9841269841269841,1.0,61.66167758621651
expanding,4,2001-06-22,0.6099450505916035,0.11433411500280968,0.8250132333673655,0.9393473483701752,4.21209615199219,-0.04682983731585454,0,False,False,False,0.3492063492063492,1.0,1.0,1.0,1.0,58.29897977031872
expanding,5,2001-12-05,0.6568911531246142,0.11492863978477597,0.8199664947084686,0.9348951344932446,4.011129005858957,-0.0677719170661613,0,False,False,False,0.1746031746031746,0.6825396825396826,0.9523809523809523,1.0,1.0,40.29640458850653
expanding,6,2002-05-20,0.6723842307851677,0.1188650073245359,0.8144625529776723,0.9333275603022082,4.003911676374651,-0.06795227388650024,0,False,False,False,0.8095238095238095,0.9365079365079365,0.9841269841269841,0.9841269841269841,1.0,44.6242198927701
expanding,7,2002-10-25,0.6958501412080095,0.11935294942937234,0.8104663715017163,0.9298193209310887,4.059487010564928,-0.06115067013727792,0,False,False,False,0.8571428571428571,1.0,1.0,1.0,1.0,70.73277782357675
expanding,8,2003-04-09,0.6583308344049273,0.11120732819254328,0.8182097530648706,0.929417081257414,4.178864285063668,-0.058470128582549824,0,False,False,False,0.6825396825396826,0.9841269841269841,1.0,1.0,1.0,56.09710625415132
expanding,9,2003-09-16,0.6310085051791148,0.10421062900395979,0.8267137131786266,0.9309243421825865,4.1342946565636955,-0.05076628500968316,0,False,False,False,0.9523809523809523,0.9841269841269841,0.9841269841269841,1.0,1.0,62.348767194228394
expanding,10,2004-02-27,0.6159727727371914,0.10053871054117462,0.8296492748663546,0.9301879854075292,4.170455718184971,-0.04264816225076415,0,False,False,False,0.9841269841269841,1.0,1.0,1.0,1.0,68.71689452055794
expanding,11,2004-08-05,0.5669582109183626,0.09713315029724662,0.8364297672670119,0.9335629175642586,4.203031368889539,-0.0482879601838551,0,False,False,False,0.23809523809523808,0.8412698412698413,0.9523809523809523,1.0,1.0,56.90029965790409
expanding,12,2005-01-13,0.5995622917573992,0.0964841690625954,0.8335942991138318,0.9300784681764271,4.122377334649092,-0.03676083598337708,0,False,False,False,0.015873015873015872,0.36507936507936506,0.8095238095238095,1.0,1.0,88.71063976905619
expanding,13,2005-06-22,0.5849027309338471,0.09215855851703189,0.8373964699660296,0.9295550284830615,4.231302829567449,-0.034037784191393146,0,False,False,False,0.47619047619047616,0.9682539682539683,1.0,1.0,1.0,94.73174269391401
expanding,14,2005-11-29,0.567400330020167,0.08646170878166065,0.8443353428675697,0.9307970516492303,4.268301603339225,-0.03489407013572969,0,False,False,False,0.15873015873015872,0.6349206349206349,0.9047619047619048,1.0,1.0,84.65339229314674
expanding,15,2006-05-09,0.5343640146476164,0.08247468070245437,0.8502458475582073,0.9327205282606617,4.330309589119742,-0.03131517938884083,0,False,False,False,0.5079365079365079,0.9841269841269841,1.0,1.0,1.0,90.78263088262686
expanding,16,2006-10-13,0.43012324421107434,0.0794287579022524,0.8658583003667726,0.9452870582690249,4.302098556633377,-0.029804922532888637,0,False,False,False,0.09523809523809523,0.6349206349206349,1.0,1.0,1.0,84.80723528576652
expanding,17,2007-03-27,0.3465090649539901,0.07538753353791584,0.8798355982762397,0.9552231318141555,4.327275517439377,-0.024281972959306973,0,False,False,False,0.5555555555555556,1.0,1.0,1.0,1.0,92.90025220468665
expanding,18,2007-08-31,0.2605760407147923,0.06926809968799105,0.8971224808424685,0.9663905805304596,4.285062140557535,-0.023484799883188755,0,False,False,False,0.1746031746031746,0.6507936507936508,0.7619047619047619,0.9682539682539683,1.0,89.94065100655234
expanding,19,2008-02-12,0.23084233640386057,0.06666430214393652,0.9032354812877343,0.9698997834316708,4.274295725282534,-0.0076461396531693005,0,False,False,False,0.31746031746031744,0.8571428571428571,1.0,1.0,1.0,115.20034985598602
expanding,20,2008-07-21,0.22110169060512563,0.06186451693084074,0.9087349841369714,0.9705995010678121,4.289216842922133,-0.001677008556757274,0,False,False,False,0.8412698412698413,1.0,1.0,1.0,1.0,109.3150666390561
expanding,21,2008-12-24,0.21586670838788705,0.05954120419750127,0.9111828190132744,0.9707240232107757,4.299363103380003,-0.007158664757274982,0,False,False,False,0.5555555555555556,0.9206349206349206,1.0,1.0,1.0,85.96824187975677
expanding,22,2009-06-04,0.1928297056777951,0.05498201429952296,0.9184611980096976,0.9734432123092206,4.283300203169615,0.0030557195763513505,0,False,False,False,0.19047619047619047,0.5238095238095238,0.6349206349206349,0.9047619047619048,1.0,107.32213270453244
expanding,23,2009-11-09,0.18228350744683675,0.05161741589440777,0.9228091172910234,0.9744265331854312,4.297730852354066,0.003678051997437268,0,False,False,False,0.9365079365079365,0.9523809523809523,1.0,1.0,1.0,111.23958779899611
expanding,24,2010-04-20,0.15152982959757252,0.04861666866797496,0.9296877373980416,0.9783044060660165,4.330516748067561,0.0013834092549154372,0,False,False,False,0.3968253968253968,0.5873015873015873,0.8888888888888888,1.0,1.0,91.9600354607582
expanding,25,2010-09-24,0.14440026777737602,0.04802279710090639,0.9313702109528357,0.9793930080537421,4.331328945925087,0.011922993798696057,0,False,False,False,0.25396825396825395,0.9523809523809523,1.0,1.0,1.0,146.4692775152255
expanding,26,2011-03-04,0.13893568298442335,0.046663259390624406,0.9329730016264736,0.979636261017098,4.415343405661542,0.019005848478200166,0,False,False,False,0.8095238095238095,0.9682539682539683,0.9841269841269841,1.0,1.0,202.14898901955334
expanding,27,2011-08-10,0.13681949627973922,0.04590933254261328,0.9333792207009887,0.979288553243602,4.505780575376843,0.013728800752474062,0,False,False,False,0.5396825396825397,0.6507936507936508,0.7142857142857143,0.746031746031746,1.0,166.3823048408003
expanding,28,2012-01-18,0.1415974562805481,0.04573871358717789,0.9325093761936659,0.9782480897808438,4.558605775835378,0.014761603203633988,0,False,False,False,0.1746031746031746,0.47619047619047616,0.9841269841269841,1.0,1.0,172.06479380083155
expanding,29,2012-06-25,0.14281004108376905,0.04638616716413246,0.9314831706774104,0.9778693378415428,4.562232134115657,0.003284272397392779,0,False,False,False,0.3492063492063492,0.6666666666666666,0.7301587301587301,0.9047619047619048,1.0,121.8870431622809
expanding,30,2012-11-29,0.1492163343317673,0.04696572535622077,0.9294863072478415,0.9764520326040623,4.645995617136939,-0.000414023427457135,0,False,False,False,0.873015873015873,1.0,1.0,1.0,1.0,113.312199456005
expanding,31,2013-05-09,0.14102511862336184,0.04649243253938856,0.9310367772700371,0.9775292098094257,4.628035051563629,0.0004760537202060041,0,False,False,False,0.047619047619047616,0.3333333333333333,0.7936507936507936,1.0,1.0,101.66448715199266
expanding,32,2013-10-15,0.13865296806511246,0.046448784229619074,0.9310200689753061,0.9774688532049252,4.686167258798168,-0.004683023342150801,0,False,False,False,0.4603174603174603,0.7619047619047619,0.9523809523809523,1.0,1.0,79.89242589386407
expanding,33,2014-03-25,0.14490227990421856,0.04855375829590299,0.9284366136312227,0.9769903719271257,4.656561427127694,-0.007078951546460214,0,False,False,False,0.6666666666666666,0.9206349206349206,1.0,1.0,1.0,170.42828007999987
expanding,34,2014-08-29,0.13357127961832738,0.046202139823187945,0.9328231082239115,0.9790252480470995,4.637115750868607,-0.0067118838806761024,0,False,False,False,0.6349206349206349,0.9523809523809523,1.0,1.0,1.0,156.40060919212607
expanding,35,2015-02-06,0.1302115347241275,0.04501731768521524,0.9343916532857202,0.9794089709709354,4.689044397176225,-0.009712834982149912,0,False,False,False,0.047619047619047616,0.38095238095238093,0.7301587301587301,0.8412698412698413,1.0,126.19529248262516
expanding,36,2015-07-16,0.12995927011970224,0.04489135884479165,0.9344878001553286,0.9793791590001203,4.737177989597287,-0.012120269446627129,0,False,False,False,0.5873015873015873,1.0,1.0,1.0,1.0,94.63745834366061
expanding,37,2015-12-21,0.1311130599091291,0.04453684620766303,0.9344098340380464,0.9789466802457095,4.7809435906465225,-0.013309785025729099,0,False,False,False,0.8412698412698413,1.0,1.0,1.0,1.0,86.62021896661048
expanding,38,2016-05-31,0.12556464073465698,0.043070904282793164,0.9363216470871962,0.9793925513699894,4.846747709871322,-0.010272968842865396,0,False,False,False,0.047619047619047616,0.3492063492063492,0.6190476190476191,0.9365079365079365,1.0,84.62115944175822
expanding,39,2016-11-02,0.12120126777322655,0.04242190711740375,0.9374600935772867,0.9798820006946904,4.868593837852918,-0.004271882888526259,0,False,False,False,0.42857142857142855,0.6666666666666666,0.9365079365079365,0.9841269841269841,1.0,111.03970102584391
expanding,40,2017-04-07,0.10813177285525201,0.042068166475393735,0.9398731855064211,0.9819413519818148,4.874792189729752,-0.006575576481795549,0,False,False,False,0.3968253968253968,0.9523809523809523,1.0,1.0,1.0,87.06568178456767
expanding,41,2017-09-11,0.1062421986289684,0.04116928503407508,0.9408494310222536,0.9820187160563287,4.8887980375998605,-0.006781646318820348,0,False,False,False,0.8571428571428571,0.9206349206349206,0.9523809523809523,1.0,1.0,85.37628466155334
expanding,42,2018-02-14,0.09728097265263394,0.04038544405031629,0.9428732290481284,0.9832586730984447,4.940559689549082,-0.007928284251322058,0,False,False,False,0.9047619047619048,0.9523809523809523,1.0,1.0,1.0,77.65777300855972
expanding,43,2018-07-19,0.08053239061428966,0.03918042890548455,0.947051611725177,0.9862320406306616,4.911937061443146,-0.013556058307951407,0,False,False,False,0.6507936507936508,0.9206349206349206,0.9523809523809523,0.9682539682539683,1.0,67.71150185401088
expanding,44,2018-12-20,0.08134189513906227,0.03904833604836598,0.9470481160912526,0.9860964521396186,4.945373846035273,-0.01704255713367351,0,False,False,False,0.9682539682539683,1.0,1.0,1.0,1.0,79.06119123253207
expanding,45,2019-05-28,0.08068411775888222,0.038611590606775936,0.9473446874401535,0.9859562780469295,4.975087363450881,-0.018657959428330644,0,False,False,False,0.36507936507936506,0.6984126984126984,0.8571428571428571,0.9206349206349206,1.0,63.98991115381415
expanding,46,2019-10-29,0.08297747206128521,0.03925963115502538,0.9461119108041309,0.9853715419591563,5.052439514210603,-0.01728855705590414,0,False,False,False,0.06349206349206349,0.4126984126984127,0.5238095238095238,0.7777777777777778,1.0,66.25952401355816
expanding,47,2020-04-02,0.08940991369258916,0.04259728654412406,0.9420336431469322,0.9846309296910563,5.149241178596491,-0.01759542913316912,0,False,False,False,0.47619047619047616,1.0,1.0,1.0,1.0,114.80724851360894
expanding,48,2020-09-04,0.09375558976179346,0.042867465842558614,0.9406812025278557,0.9835486683704143,5.17816741511208,-0.01622743631864013,0,False,False,False,0.12698412698412698,0.31746031746031744,0.5396825396825397,0.8571428571428571,1.0,92.87066175380724
expanding,49,2021-02-09,0.09371912960857345,0.042820014144885024,0.9406402945862196,0.9834603087311046,5.155560169236905,-0.016496430975616795,0,False,False,False,0.5396825396825397,0.873015873015873,0.9682539682539683,1.0,1.0,79.13910834835954
expanding,50,2021-07-13,0.09243337120492429,0.041753089139484834,0.9418309010682772,0.983583990207762,5.160129527496404,-0.014274317558366088,0,False,False,False,0.031746031746031744,0.06349206349206349,0.5396825396825397,0.8571428571428571,0.9047619047619048,105.43932588479045
expanding,51,2021-12-14,0.10435176835800436,0.04426827979172901,0.9373098709555957,0.9815781507473247,5.159280258302379,-0.011688012356245751,0,False,False,False,0.9206349206349206,1.0,1.0,1.0,1.0,177.753401098619
expanding,52,2022-05-18,0.10567963498516236,0.044079183312833,0.937165467601214,0.981244650914047,5.1986272518963075,-0.012967539750927692,0,False,False,False,0.873015873015873,0.9682539682539683,0.9841269841269841,1.0,1.0,190.1571092212995
expanding,53,2022-10-19,0.10236445634721197,0.04280193159431041,0.938881533593003,0.9816834651873134,5.251670030936457,-0.014974495234156364,0,False,False,False,0.031746031746031744,0.36507936507936506,0.7142857142857143,0.9206349206349206,1.0,140.62339712199272
expanding,54,2023-03-24,0.1014142508684432,0.04281701407739022,0.9391280475718169,0.9819450616492071,5.30808872377496,-0.015876229264148486,0,False,False,False,0.5079365079365079,0.9206349206349206,0.9841269841269841,1.0,1.0,131.29430061001153
expanding,55,2023-08-25,0.100181052291478,0.0421757030368177,0.9398254543944762,0.9820011574312939,5.336006134252139,-0.01932492411923843,0,False,False,False,0.6984126984126984,1.0,1.0,1.0,1.0,106.5251111920461
expanding,56,2024-01-30,0.10058091044594356,0.04237669375867601,0.9396558396177396,0.9820325333764156,5.359338817853723,-0.01748899908007329,0,False,False,False,0.6825396825396826,0.9206349206349206,1.0,1.0,1.0,145.17217122015686
expanding,57,2024-07-03,0.10172661823632724,0.0422119574017838,0.939511370212594,0.9817233276143779,5.398296163455237,-0.014369213020323972,0,False,False,False,0.42857142857142855,0.9365079365079365,0.9841269841269841,1.0,1.0,166.74917762299057
expanding,58,2024-12-04,0.09928532473250942,0.04135805632522446,0.9408596558890872,0.9822177122143116,5.427705208786856,-0.01143408561454064,0,False,False,False,0.031746031746031744,0.4603174603174603,0.746031746031746,0.9047619047619048,1.0,243.72698316817795
expanding,59,2025-05-12,0.1018799119323291,0.04167937698366569,0.9400550077140778,0.9817343846977434,5.429619902112111,-0.007398818973958544,0,False,False,False,0.0,0.1746031746031746,0.49206349206349204,0.8571428571428571,1.0,295.6433758654404
expanding,60,2025-10-13,0.10112600437682191,0.04177296767439064,0.9401810073367501,0.9819539750111408,5.495377481252888,-0.009063257237731775,0,False,False,False,0.5396825396825397,0.8888888888888888,0.9682539682539683,1.0,1.0,306.1147060999538
rolling,1,2000-02-29,0.3454671026196626,0.08276681553778974,0.8854645868692194,0.9682314024070091,4.148124674612847,0.0012464356301494098,0,False,False,False,0.8412698412698413,1.0,1.0,1.0,1.0,96.77994892028342
rolling,2,2000-08-07,0.7017256061953242,0.10955590534467215,0.824073448398671,0.9336293537433432,4.043155867140051,-0.04850461268875701,0,False,False,False,0.6666666666666666,0.9841269841269841,1.0,1.0,1.0,91.35224775447986
rolling,3,2001-01-16,0.8513763848512181,0.1275826333555032,0.7801176194497375,0.9077002528052407,4.381926038380739,-0.06052788354388198,0,False,False,False,0.873015873015873,0.9206349206349206,0.9523809523809523,0.9841269841269841,1.0,59.41296905605224
rolling,4,2001-06-22,0.8865694890418149,0.12080387409494708,0.783316516026577,0.9041203901215241,4.438140585362925,-0.08261658650773214,0,False,False,False,0.4126984126984127,1.0,1.0,1.0,1.0,55.10297855205572
rolling,5,2001-12-05,1.1534375550739735,0.1276400900160352,0.7498062182563355,0.8774463082723707,3.9875654483338936,-0.09137546506133147,0,False,False,False,0.1111111111111111,0.6825396825396826,0.9523809523809523,1.0,1.0,38.414415124217456
rolling,6,2002-05-20,1.1897104819499784,0.13764192065848166,0.7424719485974376,0.8801138692559193,3.8035939205711897,-0.09634676996050441,0,False,False,False,0.8095238095238095,0.9523809523809523,0.9841269841269841,0.9841269841269841,1.0,44.769816900398965
rolling,7,2002-10-25,1.1405908146658859,0.1417523228450029,0.7415563234773355,0.8833086463223383,4.07515709402892,-0.10216660173891863,0,False,False,False,0.873015873015873,1.0,1.0,1.0,1.0,66.32635413424742
rolling,8,2003-04-09,0.7972208190318981,0.11225994030233183,0.8018563713996957,0.9141163117020275,4.2003591160840195,-0.10603906277756642,0,False,False,False,0.6190476190476191,0.9523809523809523,1.0,1.0,1.0,54.88845937016709
rolling,9,2003-09-16,1.276243153523104,0.10926776527494339,0.7297068185526819,0.8389745838276254,4.01777737064551,-0.10805769048184663,0,False,False,False,0.9523809523809523,0.9841269841269841,0.9841269841269841,1.0,1.0,55.39051077923274
rolling,10,2004-02-27,1.3588191125982285,0.11147054247166938,0.6953010745198239,0.8067716169914934,4.329911746065506,-0.1043745944167296,0,False,False,False,0.9682539682539683,1.0,1.0,1.0,1.0,59.89078123495118
rolling,11,2004-08-05,1.3742960788597416,0.12179106452855602,0.6798200537296641,0.8016111182582202,4.273895490695413,-0.09737545704091516,0,False,False,False,0.2222222222222222,0.7619047619047619,0.8888888888888888,1.0,1.0,52.16226313323333
rolling,12,2005-01-13,1.3239304381117205,0.11162826002104877,0.7025405260816096,0.8141687861026583,3.97953124867241,-0.08541510981393106,0,False,False,False,0.015873015873015872,0.2857142857142857,0.7301587301587301,0.9206349206349206,1.0,79.67661736301125
rolling,13,2005-06-22,1.3206588491372684,0.11070326476124973,0.7061659703315458,0.8168692350927955,4.067567558030672,-0.06924749299564997,0,False,False,False,0.5873015873015873,0.9841269841269841,1.0,1.0,1.0,88.02726723052842
rolling,14,2005-11-29,1.0189259875112988,0.09578320961926919,0.7609075063099697,0.856690715929239,4.219984382952437,-0.07053173408514417,0,False,False,False,0.14285714285714285,0.6031746031746031,0.746031746031746,1.0,1.0,78.09878093015874
rolling,15,2006-05-09,1.7871856069995968,0.08660330440193587,0.613812251227635,0.7004155556295709,4.692213583889306,-0.0574334728190811,0,False,False,False,0.5079365079365079,1.0,1.0,1.0,1.0,80.12760153966958
rolling,16,2006-10-13,0.741536916480734,0.0501567997090326,0.8129012600075862,0.8630580597166189,4.980577144204194,-0.038595207995590804,0,False,False,False,0.09523809523809523,0.5079365079365079,1.0,1.0,1.0,74.77882733510494
rolling,17,2007-03-27,0.010392650744220504,0.014118636549383985,0.9840750881440296,0.9981937246934135,4.9734120392435095,-0.013601480126468928,0,False,False,False,0.4603174603174603,0.7777777777777778,1.0,1.0,1.0,60.19822501052994
rolling,18,2007-08-31,0.003543532952034737,0.013121656928792576,0.9865306580061893,0.9996523149349819,4.715155900511761,0.0035640917845638563,0,False,False,True,0.07936507936507936,0.5873015873015873,0.6507936507936508,0.7142857142857143,1.0,59.08150892073161
rolling,19,2008-02-12,0.004832704677166974,0.01241934049965197,0.9863172242039344,0.9987365647035864,5.2220238916337784,0.05260142665192507,0,False,False,False,0.15873015873015872,0.4126984126984127,0.8412698412698413,1.0,1.0,80.1037896559001
rolling,20,2008-07-21,0.019714566782430217,0.018415784574954276,0.9776333034590815,0.9960490880340358,5.459347335057179,0.05597844007980202,0,False,False,False,0.8095238095238095,0.8888888888888888,1.0,1.0,1.0,97.52075320854821
rolling,21,2008-12-24,0.00865486042447129,0.011683916757625581,0.9863650123785478,0.9980489291361734,5.409005881824612,0.04292047501827976,0,False,False,False,0.5873015873015873,0.9206349206349206,1.0,1.0,1.0,73.74497719218766
rolling,22,2009-06-04,0.009219701038627107,0.011985639804411214,0.9860235360712981,0.9980091758757094,5.039243873948883,0.06233544829315176,0,False,False,False,0.14285714285714285,0.3333333333333333,0.6031746031746031,0.6507936507936508,1.0,87.84679247586702
rolling,23,2009-11-09,0.013736256613193887,0.012931048952843112,0.9841140656939839,0.997045114646827,5.306886794098172,0.05437668189949304,0,False,False,False,0.873015873015873,0.9365079365079365,0.9841269841269841,1.0,1.0,92.9233774644764
rolling,24,2010-04-20,0.012743225674242527,0.014465706188956557,0.9824958741620373,0.9969615803509939,5.332117714250039,0.04448592910657441,0,False,False,False,0.3968253968253968,0.5873015873015873,0.6666666666666666,0.9523809523809523,1.0,69.9076333461058
rolling,25,2010-09-24,0.01359887330656639,0.01359432571782209,0.9829940567782947,0.9965883824961167,5.290152005387733,0.07190317465781647,0,False,False,False,0.3968253968253968,0.9523809523809523,1.0,1.0,1.0,127.48459477748696
rolling,26,2011-03-04,0.0216158883811353,0.019877364516198488,0.9747284751465687,0.9946058396627672,5.897088512097745,0.07380101482532471,0,False,False,False,0.6984126984126984,0.9682539682539683,0.9841269841269841,1.0,1.0,172.96165615204697
rolling,27,2011-08-10,0.02465127358412426,0.015441027252415,0.9774260619380809,0.9928670891904959,5.970175898440305,0.06376391193930461,0,False,False,False,0.47619047619047616,0.6507936507936508,0.6825396825396826,0.746031746031746,1.0,136.58112503026973
rolling,28,2012-01-18,0.029229593078264518,0.016432254267187987,0.9755024349070981,0.9919346891742861,6.130147636872491,0.07043723845331103,0,False,False,False,0.12698412698412698,0.38095238095238093,0.5396825396825397,0.9682539682539683,1.0,147.34392480686753
rolling,29,2012-06-25,0.02300700087452797,0.0133579068369455,0.9807110914849572,0.9940689983219027,5.904433140511565,0.04498709238099885,0,False,False,False,0.36507936507936506,0.6507936507936508,0.7142857142857143,0.7777777777777778,1.0,100.16283408951503
rolling,30,2012-11-29,0.03777570215591406,0.01727841489249566,0.9729848052119928,0.9902632201044885,6.361606938893704,0.03652448210581746,0,False,False,False,0.8253968253968254,0.9841269841269841,1.0,1.0,1.0,97.83173147769027
rolling,31,2013-05-09,0.0647171159299255,0.016528546317969954,0.9666712024838989,0.9831997488018689,6.057760266609576,0.035100556523054216,0,False,False,False,0.047619047619047616,0.14285714285714285,0.5238095238095238,0.9047619047619048,1.0,87.24455784606047
rolling,32,2013-10-15,0.13297243867996617,0.020647255199648103,0.9435604618109515,0.9642077170105996,6.857806322450688,0.01461330518424263,0,False,False,False,0.3968253968253968,0.7142857142857143,0.9365079365079365,1.0,1.0,70.53324485789136
rolling,33,2014-03-25,0.09341561440425442,0.026575310746069912,0.9507946920598994,0.9773700028059693,6.319983580208472,-0.013181511353399846,0,False,False,False,0.6349206349206349,0.873015873015873,1.0,1.0,1.0,147.8234425873585
rolling,34,2014-08-29,0.07842563451517043,0.02996326994411057,0.952143486290684,0.9821067562347946,6.357727815508829,-0.018181825378826153,0,False,False,False,0.6349206349206349,0.9682539682539683,1.0,1.0,1.0,140.49824427199277
rolling,35,2015-02-06,0.06839501788142303,0.03110752954899984,0.9533090047849258,0.9844165343339256,6.737256271562248,-0.01608161637348658,0,False,False,False,0.06349206349206349,0.3492063492063492,0.6825396825396826,0.8095238095238095,0.9841269841269841,112.25210540312038
rolling,36,2015-07-16,0.06408457484000894,0.03362192548871453,0.9523905558695476,0.9860124813582621,7.206439583639795,-0.03802904471463349,0,False,False,False,0.6349206349206349,1.0,1.0,1.0,1.0,83.54479432991415
rolling,37,2015-12-21,0.06163919565885,0.03384501908326009,0.9528941829291991,0.9867392020124592,7.618415866592843,-0.04334232347436875,0,False,False,False,0.8412698412698413,0.9841269841269841,1.0,1.0,1.0,76.32680896154596
rolling,38,2016-05-31,0.0811815899748014,0.03119156664553869,0.9511578723159372,0.9823494389614759,8.041928868199143,-0.03874589898391418,0,False,False,False,0.047619047619047616,0.19047619047619047,0.5238095238095238,0.8095238095238095,0.9841269841269841,74.73854815474208
rolling,39,2016-11-02,0.07208739099028874,0.029942398714168397,0.9531290711076754,0.9830714698218438,8.733568858319972,-0.037888413989541625,0,False,False,False,0.4603174603174603,0.6825396825396826,0.9365079365079365,0.9682539682539683,1.0,94.94358734741287
rolling,40,2017-04-07,0.04879823195469905,0.0326603953674987,0.955854294160279,0.9885146895277777,7.940608605652394,-0.07056387475740603,0,False,False,False,0.6507936507936508,0.9523809523809523,1.0,1.0,1.0,68.57048772529377
rolling,41,2017-09-11,0.04877526898479471,0.029983756693538022,0.9585927780732895,0.9885765347668275,7.238307394546181,-0.06492635679166522,0,False,False,False,0.8571428571428571,0.9047619047619048,0.9523809523809523,0.9841269841269841,1.0,71.41294899537662
rolling,42,2018-02-14,0.04397752582478246,0.03133888821360814,0.9581588421382328,0.9894977303518409,7.528924676461336,-0.06355266373514042,0,False,False,False,0.9365079365079365,0.9682539682539683,1.0,1.0,1.0,63.01374816369183
rolling,43,2018-07-19,0.015129591531262948,0.023225538736072804,0.9728348302468348,0.9960603689829076,7.14692708805185,-0.05969058169304996,0,False,False,False,0.5396825396825397,0.873015873015873,0.9365079365079365,0.9682539682539683,1.0,51.21600013376208
rolling,44,2018-12-20,0.026277034000828415,0.030667761094753936,0.9634186494557113,0.9940864105504652,6.746605640267502,-0.05898788902242756,0,False,False,False,0.9365079365079365,1.0,1.0,1.0,1.0,72.37534651988602
rolling,45,2019-05-28,0.019002836136219975,0.02611713722724296,0.9695388278300731,0.995655965057316,7.181623761381954,-0.06443193927807661,0,False,False,False,0.30158730158730157,0.5396825396825397,0.7936507936507936,0.8888888888888888,0.9841269841269841,54.77188507758207
rolling,46,2019-10-29,0.022130093001927167,0.02857832292087252,0.9664787540591914,0.9950570769800638,7.505468667036643,-0.04669641310069612,0,False,False,False,0.047619047619047616,0.3333333333333333,0.4603174603174603,0.6031746031746031,0.9523809523809523,57.15530884932103
rolling,47,2020-04-02,0.01804243268870166,0.02981936446314129,0.9660751448595135,0.9958945093226548,9.691394933816245,-0.0461338522277854,0,False,False,False,0.5396825396825397,1.0,1.0,1.0,1.0,115.03914699717318
rolling,48,2020-09-04,0.027063075146233285,0.03142243016387648,0.9615594003074223,0.9929818304712987,9.73588862459862,-0.0395482413754497,0,False,False,False,0.12698412698412698,0.36507936507936506,0.5555555555555556,0.8571428571428571,1.0,84.0950734576468
rolling,49,2021-02-09,0.03854514997316085,0.033347836527272676,0.955784310463682,0.9891321469909546,8.728450735701184,-0.03403966656973154,0,False,False,False,0.4444444444444444,0.8412698412698413,0.9206349206349206,0.9841269841269841,1.0,66.14709231638182
rolling,50,2021-07-13,0.0320707488418148,0.030320310758740036,0.9609749790728085,0.9912952898315486,8.248653877458569,-0.016387018294360147,0,False,False,False,0.031746031746031744,0.06349206349206349,0.31746031746031744,0.7777777777777778,0.9047619047619048,92.3478586364153
rolling,51,2021-12-14,0.07841801807743197,0.04726654100273828,0.9328783030016475,0.9801448440043858,7.750368296207276,-0.005609933626645876,0,False,False,False,0.9206349206349206,1.0,1.0,1.0,1.0,160.66089194979722
rolling,52,2022-05-18,0.08488676192010089,0.05057124880422516,0.9286170581985808,0.9791883070028059,7.496222847853476,-0.02048764571311829,0,False,False,False,0.873015873015873,0.9841269841269841,1.0,1.0,1.0,177.4345240388036
rolling,53,2022-10-19,0.05357456484626956,0.04231085742740031,0.9454601186706036,0.9877709760980039,7.471262826617057,-0.0452829513406426,0,False,False,False,0.031746031746031744,0.4126984126984127,0.7301587301587301,0.9206349206349206,1.0,127.64131478646328
rolling,54,2023-03-24,0.057746889557844835,0.042498121803000395,0.9452133662353164,0.9877114880383168,8.180531930414755,-0.03566010941379496,0,False,False,False,0.4603174603174603,0.9047619047619048,0.9841269841269841,1.0,1.0,124.1271561143592
rolling,55,2023-08-25,0.05507646056161195,0.04059739582612643,0.9479704193872326,0.988567815213359,8.130594151037133,-0.0541022738368489,0,False,False,False,0.6666666666666666,0.9682539682539683,1.0,1.0,1.0,97.20514812240049
rolling,56,2024-01-30,0.09694998293839621,0.03964596102547721,0.9408373937906586,0.9804833548161358,8.451645807472456,-0.026426254483478948,0,False,False,False,0.6825396825396826,0.9047619047619048,0.9841269841269841,1.0,1.0,139.1868981769634
rolling,57,2024-07-03,0.4346285267347266,0.05321331519087584,0.8564210381432368,0.9096343533341126,11.151836023690024,0.0044301100936917194,0,False,False,False,0.5396825396825397,0.9365079365079365,0.9841269841269841,0.9841269841269841,1.0,161.0247928766925
rolling,58,2024-12-04,0.49684075870194994,0.05447758435535799,0.8438280509020281,0.898305635257386,11.085383299014241,0.03329753709520157,0,False,False,False,0.12698412698412698,0.5079365079365079,0.7777777777777778,0.9047619047619048,1.0,224.03082439842314
rolling,59,2025-05-12,0.6450804031597984,0.058407205490357744,0.812217368230769,0.8706245737211267,11.189227728567424,0.05784392701827332,0,False,False,False,0.0,0.12698412698412698,0.31746031746031744,0.6825396825396826,1.0,294.02124012002406
rolling,60,2025-10-13,0.7525149001814098,0.06073910010096819,0.7942779381559641,0.8550170382569323,11.773230380549993,0.05152291090478668,0,False,False,False,0.6825396825396826,0.8888888888888888,0.9523809523809523,0.9841269841269841,1.0,283.03547936901873
