run_date,target_date,horizon_days,point,ann_vol,lo_50,hi_50,lo_80,hi_80,lo_95,hi_95
2026-04-16,2026-04-17,1,290.67,32.76,287.21,294.16,283.75,297.75,278.93,302.89
2026-04-16,2026-04-20,2,290.68,32.88,285.8,295.65,280.93,300.77,274.2,308.16
2026-04-16,2026-04-21,3,290.7,32.99,284.72,296.8,278.78,303.12,270.6,312.28
2026-04-16,2026-04-22,4,290.71,33.11,283.81,297.79,276.97,305.14,267.6,315.83
2026-04-16,2026-04-23,5,290.73,33.21,283.0,298.67,275.39,306.93,264.97,319.0
2026-04-16,2026-04-24,6,290.75,33.32,282.28,299.47,273.95,308.57,262.6,321.91
2026-04-16,2026-04-27,7,290.76,33.42,281.61,300.21,272.64,310.09,260.44,324.62
2026-04-16,2026-04-28,8,290.78,33.52,280.99,300.9,271.41,311.53,258.43,327.18
2026-04-16,2026-04-29,9,290.79,33.62,280.41,301.56,270.26,312.88,256.55,329.61
2026-04-16,2026-04-30,10,290.81,33.71,279.86,302.19,269.18,314.18,254.78,331.94
2026-04-16,2026-05-01,11,290.83,33.8,279.33,302.79,268.15,315.42,253.1,334.17
2026-04-16,2026-05-04,12,290.84,33.89,278.83,303.37,267.16,316.62,251.5,336.34
2026-04-16,2026-05-05,13,290.86,33.97,278.35,303.93,266.22,317.78,249.97,338.43
2026-04-16,2026-05-06,14,290.87,34.05,277.88,304.47,265.31,318.9,248.51,340.46
2026-04-16,2026-05-07,15,290.89,34.14,277.43,305.0,264.43,319.99,247.09,342.45
2026-04-16,2026-05-08,16,290.91,34.21,277.0,305.51,263.59,321.05,245.73,344.38
2026-04-16,2026-05-11,17,290.92,34.29,276.58,306.01,262.77,322.09,244.42,346.27
2026-04-16,2026-05-12,18,290.94,34.36,276.17,306.49,261.97,323.11,243.14,348.13
2026-04-16,2026-05-13,19,290.95,34.43,275.77,306.97,261.2,324.1,241.91,349.94
2026-04-16,2026-05-14,20,290.97,34.5,275.39,307.43,260.45,325.07,240.71,351.73
2026-04-16,2026-05-15,21,290.99,34.57,275.01,307.89,259.71,326.02,239.54,353.48
2026-04-16,2026-05-18,22,291.0,34.64,274.64,308.34,259.0,326.96,238.4,355.21
2026-04-16,2026-05-19,23,291.02,34.7,274.28,308.78,258.3,327.88,237.29,356.91
2026-04-16,2026-05-20,24,291.03,34.76,273.93,309.21,257.61,328.79,236.21,358.59
2026-04-16,2026-05-21,25,291.05,34.82,273.58,309.64,256.95,329.68,235.15,360.24
2026-04-16,2026-05-22,26,291.07,34.88,273.24,310.05,256.29,330.56,234.11,361.87
2026-04-16,2026-05-25,27,291.08,34.93,272.91,310.47,255.65,331.43,233.1,363.49
2026-04-16,2026-05-26,28,291.1,34.99,272.58,310.87,255.02,332.28,232.11,365.08
2026-04-16,2026-05-27,29,291.11,35.04,272.26,311.27,254.4,333.13,231.14,366.65
2026-04-16,2026-05-28,30,291.13,35.09,271.94,311.67,253.79,333.96,230.18,368.21
2026-04-16,2026-05-29,31,291.15,35.15,271.63,312.06,253.19,334.79,229.25,369.75
2026-04-16,2026-06-01,32,291.16,35.19,271.33,312.45,252.61,335.6,228.33,371.28
2026-04-16,2026-06-02,33,291.18,35.24,271.03,312.83,252.03,336.41,227.43,372.79
2026-04-16,2026-06-03,34,291.19,35.29,270.73,313.2,251.46,337.2,226.55,374.29
2026-04-16,2026-06-04,35,291.21,35.33,270.44,313.58,250.9,337.99,225.68,375.77
2026-04-16,2026-06-05,36,291.23,35.38,270.15,313.94,250.35,338.77,224.82,377.25
2026-04-16,2026-06-08,37,291.24,35.42,269.87,314.31,249.81,339.55,223.98,378.71
2026-04-16,2026-06-09,38,291.26,35.46,269.59,314.67,249.28,340.31,223.15,380.15
2026-04-16,2026-06-10,39,291.27,35.5,269.31,315.03,248.75,341.07,222.33,381.59
2026-04-16,2026-06-11,40,291.29,35.54,269.04,315.38,248.23,341.82,221.53,383.02
2026-04-16,2026-06-12,41,291.31,35.58,268.77,315.73,247.72,342.57,220.74,384.43
2026-04-16,2026-06-15,42,291.32,35.61,268.51,316.08,247.21,343.31,219.96,385.84
2026-04-16,2026-06-16,43,291.34,35.65,268.24,316.42,246.71,344.04,219.19,387.23
2026-04-16,2026-06-17,44,291.35,35.68,267.99,316.76,246.22,344.77,218.43,388.62
2026-04-16,2026-06-18,45,291.37,35.72,267.73,317.1,245.73,345.49,217.69,390.0
2026-04-16,2026-06-19,46,291.39,35.75,267.48,317.43,245.25,346.2,216.95,391.36
2026-04-16,2026-06-22,47,291.4,35.78,267.23,317.77,244.77,346.91,216.22,392.72
2026-04-16,2026-06-23,48,291.42,35.81,266.98,318.09,244.3,347.62,215.5,394.08
2026-04-16,2026-06-24,49,291.43,35.84,266.73,318.42,243.84,348.32,214.79,395.42
2026-04-16,2026-06-25,50,291.45,35.87,266.49,318.75,243.38,349.02,214.09,396.76
2026-04-16,2026-06-26,51,291.47,35.9,266.25,319.07,242.93,349.71,213.4,398.08
2026-04-16,2026-06-29,52,291.48,35.93,266.02,319.39,242.48,350.39,212.72,399.41
2026-04-16,2026-06-30,53,291.5,35.96,265.78,319.7,242.03,351.07,212.05,400.72
2026-04-16,2026-07-01,54,291.51,35.98,265.55,320.02,241.59,351.75,211.38,402.03
2026-04-16,2026-07-02,55,291.53,36.01,265.32,320.33,241.16,352.42,210.72,403.33
2026-04-16,2026-07-03,56,291.55,36.03,265.09,320.64,240.73,353.09,210.07,404.62
2026-04-16,2026-07-06,57,291.56,36.06,264.87,320.95,240.3,353.76,209.43,405.91
2026-04-16,2026-07-07,58,291.58,36.08,264.64,321.26,239.88,354.42,208.79,407.19
2026-04-16,2026-07-08,59,291.59,36.1,264.42,321.56,239.47,355.07,208.16,408.47
2026-04-16,2026-07-09,60,291.61,36.13,264.2,321.86,239.05,355.73,207.54,409.74
2026-04-16,2026-07-10,61,291.63,36.15,263.98,322.16,238.64,356.37,206.92,411.0
2026-04-16,2026-07-13,62,291.64,36.17,263.77,322.46,238.24,357.02,206.31,412.26
2026-04-16,2026-07-14,63,291.66,36.19,263.55,322.76,237.84,357.66,205.71,413.51
